{
  "schemaVersion": 1,
  "type": "Vulkan",
  "name": "ExynosTools v1.4.0 (Estable)",
  "description": "Vulkan wrapper for Xclipse GPUs. BCn emulation, production-level stability.",
  "libraryName": "libxeno_wrapper.so",
  "author": "WearyConcern1165",
  "vendor": "ExynosTools Project",
  "driverVersion": "Vulkan 1.3 (ExynosTools 1.4.0)",
  "timestamp": "2025-08-22T12:00:00Z",
  "minApiVersion": "1.1",
  "maxApiVersion": "1.3",
  "supportedGpus": [
    "Xclipse 920",
    "Xclipse 940"
  ],
  "notes": "Primer lanzamiento estable. Para uso con Winlator y otros emuladores compatibles."
}